Date,DAT (day),Biomass measured time,biomass_g,plant_id,sheet,row_tier,DAT_numeric,biomass_delta_g,biomass_delta_pct
2022-02-21,1,05:00:00,2.3999999999999986,B22,B2,lower,1.0,,
2022-02-22,2,05:40:00,7.200000000000003,B22,B2,lower,2.0,4.800000000000004,200.0000000000003
2022-02-23,3,06:10:00,8.600000000000001,B22,B2,lower,3.0,1.3999999999999986,19.44444444444442
2022-02-24,4,03:30:00,8.899999999999999,B22,B2,lower,4.0,0.29999999999999716,3.4883720930232176
2022-02-25,5,05:00:00,11.700000000000003,B22,B2,lower,5.0,2.8000000000000043,31.460674157303426
2022-02-26,6,06:50:00,14.700000000000003,B22,B2,lower,6.0,3.0,25.64102564102564
2022-02-27,7,07:40:00,17.299999999999997,B22,B2,lower,7.0,2.5999999999999943,17.687074829931927
2022-02-28,8,07:40:00,21.200000000000003,B22,B2,lower,8.0,3.9000000000000057,22.543352601156098
2022-03-01,9,06:45:00,25.5,B22,B2,lower,9.0,4.299999999999997,20.28301886792452
2022-03-02,10,06:55:00,30.200000000000003,B22,B2,lower,10.0,4.700000000000003,18.43137254901961
2022-03-03,11,09:50:00,35.2,B22,B2,lower,11.0,5.0,16.55629139072847
2022-03-04,12,08:20:00,40.0,B22,B2,lower,12.0,4.799999999999997,13.636363636363624
2022-03-05,13,07:30:00,45.099999999999994,B22,B2,lower,13.0,5.099999999999994,12.749999999999995
2022-03-06,14,06:00:00,51.900000000000006,B22,B2,lower,14.0,6.800000000000011,15.077605321507793
2022-03-07,15,06:00:00,59.900000000000006,B22,B2,lower,15.0,8.0,15.41425818882467
2022-03-08,16,07:30:00,69.8,B22,B2,lower,16.0,9.899999999999991,16.527545909849728
2022-03-09,17,09:00:00,78.5,B22,B2,lower,17.0,8.700000000000003,12.464183381088834
2022-03-10,18,02:45:00,84.3,B22,B2,lower,18.0,5.799999999999997,7.388535031847132
2022-03-11,19,07:50:00,96.6,B22,B2,lower,19.0,12.299999999999997,14.590747330960841
2022-03-12,20,07:30:00,104.69999999999999,B22,B2,lower,20.0,8.099999999999994,8.385093167701863
2022-03-13,21,06:50:00,111.69999999999999,B22,B2,lower,21.0,7.0,6.685768863419295
2022-03-14,22,06:45:00,117.9,B22,B2,lower,22.0,6.200000000000017,5.550581915846031
2022-03-15,23,06:00:00,123.5,B22,B2,lower,23.0,5.599999999999994,4.749787955894824
2022-03-16,24,05:08:00,129.0,B22,B2,lower,24.0,5.5,4.453441295546567
2022-03-17,25,07:10:00,135.9,B22,B2,lower,25.0,6.900000000000006,5.348837209302326
2022-03-18,26,06:51:00,142.4,B22,B2,lower,26.0,6.5,4.782928623988236
2022-03-19,27,06:40:00,146.7,B22,B2,lower,27.0,4.299999999999983,3.0196629213482984
2022-03-20,28,05:25:00,143.2,B22,B2,lower,28.0,-3.5,-2.385821404226307
2022-03-21,29,04:00:00,148.3,B22,B2,lower,29.0,5.100000000000023,3.56145251396649
2022-03-22,30,05:00:00,152.3,B22,B2,lower,30.0,4.0,2.697235333782877
2022-03-23, 31 (harvest),,,B22,B2,lower,,,
2022-02-21,1,05:00:00,4.0,B23,B2,lower,1.0,,
2022-02-22,2,05:40:00,8.399999999999999,B23,B2,lower,2.0,4.399999999999999,109.99999999999997
2022-02-23,3,06:10:00,10.200000000000003,B23,B2,lower,3.0,1.8000000000000043,21.428571428571487
2022-02-24,4,03:30:00,10.600000000000001,B23,B2,lower,4.0,0.3999999999999986,3.9215686274509665
2022-02-25,5,05:00:00,13.299999999999997,B23,B2,lower,5.0,2.6999999999999957,25.47169811320751
2022-02-26,6,06:50:00,16.0,B23,B2,lower,6.0,2.700000000000003,20.300751879699263
2022-02-27,7,07:40:00,19.1,B23,B2,lower,7.0,3.1000000000000014,19.375000000000007
2022-02-28,8,07:40:00,22.799999999999997,B23,B2,lower,8.0,3.6999999999999957,19.37172774869107
2022-03-01,9,06:45:00,27.099999999999994,B23,B2,lower,9.0,4.299999999999997,18.859649122807
2022-03-02,10,06:55:00,32.099999999999994,B23,B2,lower,10.0,5.0,18.450184501845012
2022-03-03,11,09:50:00,37.7,B23,B2,lower,11.0,5.6000000000000085,17.445482866043637
2022-03-04,12,08:20:00,42.3,B23,B2,lower,12.0,4.599999999999994,12.201591511936316
2022-03-05,13,07:30:00,48.7,B23,B2,lower,13.0,6.400000000000006,15.13002364066196
2022-03-06,14,06:00:00,56.0,B23,B2,lower,14.0,7.299999999999997,14.98973305954825
2022-03-07,15,06:00:00,64.4,B23,B2,lower,15.0,8.400000000000006,15.000000000000014
2022-03-08,16,07:30:00,74.8,B23,B2,lower,16.0,10.399999999999991,16.149068322981353
2022-03-09,17,09:00:00,82.8,B23,B2,lower,17.0,8.0,10.6951871657754
2022-03-10,18,02:45:00,89.6,B23,B2,lower,18.0,6.799999999999997,8.212560386473422
2022-03-11,19,07:50:00,97.9,B23,B2,lower,19.0,8.300000000000011,9.263392857142861
2022-03-12,20,07:30:00,104.80000000000001,B23,B2,lower,20.0,6.900000000000006,7.048008171603692
2022-03-13,21,06:50:00,112.1,B23,B2,lower,21.0,7.299999999999983,6.965648854961826
2022-03-14,22,06:45:00,117.1,B23,B2,lower,22.0,5.0,4.460303300624435
2022-03-15,23,06:00:00,123.30000000000001,B23,B2,lower,23.0,6.200000000000017,5.294619982920601
2022-03-16,24,05:08:00,128.4,B23,B2,lower,24.0,5.099999999999994,4.1362530413625365
2022-03-17,25,07:10:00,136.0,B23,B2,lower,25.0,7.599999999999994,5.919003115264787
2022-03-18,26,06:51:00,141.6,B23,B2,lower,26.0,5.599999999999994,4.117647058823515
2022-03-19,27,06:40:00,145.8,B23,B2,lower,27.0,4.200000000000017,2.9661016949152685
2022-03-20,28,05:25:00,141.9,B23,B2,lower,28.0,-3.9000000000000057,-2.6748971193415683
2022-03-21,29,04:00:00,148.0,B23,B2,lower,29.0,6.099999999999994,4.298801973220567
2022-03-22,30,05:00:00,153.1,B23,B2,lower,30.0,5.099999999999994,3.4459459459459385
2022-03-23, 31 (harvest),,,B23,B2,lower,,,
2022-02-21,1,05:00:00,2.700000000000003,B24,B2,lower,1.0,,
2022-02-22,2,05:40:00,8.299999999999997,B24,B2,lower,2.0,5.599999999999994,207.407407407407
2022-02-23,3,06:10:00,10.100000000000001,B24,B2,lower,3.0,1.8000000000000043,21.686746987951878
2022-02-24,4,03:30:00,10.700000000000003,B24,B2,lower,4.0,0.6000000000000014,5.940594059405946
2022-02-25,5,05:00:00,14.0,B24,B2,lower,5.0,3.299999999999997,30.841121495327073
2022-02-26,6,06:50:00,17.200000000000003,B24,B2,lower,6.0,3.200000000000003,22.857142857142886
2022-02-27,7,07:40:00,21.0,B24,B2,lower,7.0,3.799999999999997,22.093023255813925
2022-02-28,8,07:40:00,25.200000000000003,B24,B2,lower,8.0,4.200000000000003,20.000000000000018
2022-03-01,9,06:45:00,30.400000000000006,B24,B2,lower,9.0,5.200000000000003,20.63492063492065
2022-03-02,10,06:55:00,36.0,B24,B2,lower,10.0,5.599999999999994,18.421052631578917
2022-03-03,11,09:50:00,41.5,B24,B2,lower,11.0,5.5,15.277777777777768
2022-03-04,12,08:20:00,47.099999999999994,B24,B2,lower,12.0,5.599999999999994,13.493975903614452
2022-03-05,13,07:30:00,54.0,B24,B2,lower,13.0,6.900000000000006,14.64968152866244
2022-03-06,14,06:00:00,62.3,B24,B2,lower,14.0,8.299999999999997,15.370370370370367
2022-03-07,15,06:00:00,71.7,B24,B2,lower,15.0,9.400000000000006,15.08828250401284
2022-03-08,16,07:30:00,82.5,B24,B2,lower,16.0,10.799999999999997,15.062761506276146
2022-03-09,17,09:00:00,92.80000000000001,B24,B2,lower,17.0,10.300000000000011,12.484848484848499
2022-03-10,18,02:45:00,100.80000000000001,B24,B2,lower,18.0,8.0,8.62068965517242
2022-03-11,19,07:50:00,110.80000000000001,B24,B2,lower,19.0,10.0,9.92063492063493
2022-03-12,20,07:30:00,119.19999999999999,B24,B2,lower,20.0,8.399999999999977,7.581227436823079
2022-03-13,21,06:50:00,127.30000000000001,B24,B2,lower,21.0,8.100000000000023,6.795302013422844
2022-03-14,22,06:45:00,134.4,B24,B2,lower,22.0,7.099999999999994,5.57737627651218
2022-03-15,23,06:00:00,140.9,B24,B2,lower,23.0,6.5,4.836309523809534
2022-03-16,24,05:08:00,147.3,B24,B2,lower,24.0,6.400000000000006,4.54222853087296
2022-03-17,25,07:10:00,153.6,B24,B2,lower,25.0,6.299999999999983,4.276985743380846
2022-03-18,26,06:51:00,160.1,B24,B2,lower,26.0,6.5,4.231770833333326
2022-03-19,27,06:40:00,164.5,B24,B2,lower,27.0,4.400000000000006,2.7482823235477793
2022-03-20,28,05:25:00,159.2,B24,B2,lower,28.0,-5.300000000000011,-3.221884498480254
2022-03-21,29,04:00:00,165.2,B24,B2,lower,29.0,6.0,3.7688442211055273
2022-03-22,30,05:00:00,171.0,B24,B2,lower,30.0,5.800000000000011,3.510895883777243
2022-03-23, 31 (harvest),,,B24,B2,lower,,,
2022-02-21,1,05:00:00,3.8999999999999986,B25,B2,lower,1.0,,
2022-02-22,2,05:40:00,8.5,B25,B2,lower,2.0,4.600000000000001,117.94871794871801
2022-02-23,3,06:10:00,10.100000000000001,B25,B2,lower,3.0,1.6000000000000014,18.823529411764728
2022-02-24,4,03:30:00,11.100000000000001,B25,B2,lower,4.0,1.0,9.90099009900991
2022-02-25,5,05:00:00,13.600000000000001,B25,B2,lower,5.0,2.5,22.522522522522515
2022-02-26,6,06:50:00,16.799999999999997,B25,B2,lower,6.0,3.1999999999999957,23.52941176470584
2022-02-27,7,07:40:00,20.0,B25,B2,lower,7.0,3.200000000000003,19.04761904761907
2022-02-28,8,07:40:00,23.799999999999997,B25,B2,lower,8.0,3.799999999999997,18.999999999999993
2022-03-01,9,06:45:00,28.400000000000006,B25,B2,lower,9.0,4.6000000000000085,19.327731092437016
2022-03-02,10,06:55:00,34.599999999999994,B25,B2,lower,10.0,6.199999999999989,21.830985915492906
2022-03-03,11,09:50:00,38.3,B25,B2,lower,11.0,3.700000000000003,10.693641618497129
2022-03-04,12,08:20:00,43.7,B25,B2,lower,12.0,5.400000000000006,14.099216710182795
2022-03-05,13,07:30:00,49.3,B25,B2,lower,13.0,5.599999999999994,12.814645308924465
2022-03-06,14,06:00:00,56.5,B25,B2,lower,14.0,7.200000000000003,14.604462474645041
2022-03-07,15,06:00:00,65.2,B25,B2,lower,15.0,8.700000000000003,15.398230088495591
2022-03-08,16,07:30:00,73.0,B25,B2,lower,16.0,7.799999999999997,11.963190184049077
2022-03-09,17,09:00:00,81.7,B25,B2,lower,17.0,8.700000000000003,11.917808219178095
2022-03-10,18,02:45:00,87.8,B25,B2,lower,18.0,6.099999999999994,7.466340269277838
2022-03-11,19,07:50:00,95.9,B25,B2,lower,19.0,8.100000000000009,9.22551252847381
2022-03-12,20,07:30:00,102.4,B25,B2,lower,20.0,6.5,6.777893639207511
2022-03-13,21,06:50:00,109.19999999999999,B25,B2,lower,21.0,6.799999999999983,6.640624999999978
2022-03-14,22,06:45:00,115.69999999999999,B25,B2,lower,22.0,6.5,5.952380952380953
2022-03-15,23,06:00:00,120.5,B25,B2,lower,23.0,4.800000000000011,4.148660328435616
2022-03-16,24,05:08:00,127.0,B25,B2,lower,24.0,6.5,5.394190871369298
2022-03-17,25,07:10:00,132.8,B25,B2,lower,25.0,5.800000000000011,4.566929133858277
2022-03-18,26,06:51:00,137.5,B25,B2,lower,26.0,4.699999999999989,3.5391566265060126
2022-03-19,27,06:40:00,141.9,B25,B2,lower,27.0,4.400000000000006,3.200000000000003
2022-03-20,28,05:25:00,136.7,B25,B2,lower,28.0,-5.200000000000017,-3.6645525017618197
2022-03-21,29,04:00:00,142.9,B25,B2,lower,29.0,6.200000000000017,4.535479151426491
2022-03-22,30,05:00:00,148.1,B25,B2,lower,30.0,5.199999999999989,3.638908327501733
2022-03-23, 31 (harvest),,,B25,B2,lower,,,
2022-02-21,1,05:00:00,3.299999999999997,B26,B2,lower,1.0,,
2022-02-22,2,05:40:00,8.5,B26,B2,lower,2.0,5.200000000000003,157.5757575757578
2022-02-23,3,06:10:00,9.799999999999997,B26,B2,lower,3.0,1.2999999999999972,15.29411764705879
2022-02-24,4,03:30:00,10.700000000000003,B26,B2,lower,4.0,0.9000000000000057,9.18367346938782
2022-02-25,5,05:00:00,13.0,B26,B2,lower,5.0,2.299999999999997,21.495327102803707
2022-02-26,6,06:50:00,15.399999999999999,B26,B2,lower,6.0,2.3999999999999986,18.46153846153844
2022-02-27,7,07:40:00,17.700000000000003,B26,B2,lower,7.0,2.3000000000000043,14.935064935064958
2022-02-28,8,07:40:00,20.200000000000003,B26,B2,lower,8.0,2.5,14.124293785310726
2022-03-01,9,06:45:00,23.5,B26,B2,lower,9.0,3.299999999999997,16.336633663366328
2022-03-02,10,06:55:00,27.200000000000003,B26,B2,lower,10.0,3.700000000000003,15.74468085106384
2022-03-03,11,09:50:00,31.599999999999994,B26,B2,lower,11.0,4.3999999999999915,16.176470588235258
2022-03-04,12,08:20:00,35.400000000000006,B26,B2,lower,12.0,3.8000000000000114,12.025316455696245
2022-03-05,13,07:30:00,40.400000000000006,B26,B2,lower,13.0,5.0,14.124293785310726
2022-03-06,14,06:00:00,45.7,B26,B2,lower,14.0,5.299999999999997,13.118811881188108
2022-03-07,15,06:00:00,53.099999999999994,B26,B2,lower,15.0,7.3999999999999915,16.19256017505468
2022-03-08,16,07:30:00,62.2,B26,B2,lower,16.0,9.100000000000009,17.13747645951038
2022-03-09,17,09:00:00,70.3,B26,B2,lower,17.0,8.099999999999994,13.022508038585201
2022-03-10,18,02:45:00,76.3,B26,B2,lower,18.0,6.0,8.534850640113788
2022-03-11,19,07:50:00,85.7,B26,B2,lower,19.0,9.400000000000006,12.31979030144168
2022-03-12,20,07:30:00,93.4,B26,B2,lower,20.0,7.700000000000003,8.984830805134191
2022-03-13,21,06:50:00,100.80000000000001,B26,B2,lower,21.0,7.400000000000006,7.922912205567467
2022-03-14,22,06:45:00,107.69999999999999,B26,B2,lower,22.0,6.899999999999977,6.845238095238071
2022-03-15,23,06:00:00,113.69999999999999,B26,B2,lower,23.0,6.0,5.571030640668528
2022-03-16,24,05:08:00,121.5,B26,B2,lower,24.0,7.800000000000011,6.860158311345654
2022-03-17,25,07:10:00,131.1,B26,B2,lower,25.0,9.599999999999994,7.901234567901239
2022-03-18,26,06:51:00,138.3,B26,B2,lower,26.0,7.200000000000017,5.491990846681927
2022-03-19,27,06:40:00,142.7,B26,B2,lower,27.0,4.399999999999977,3.1814895155458878
2022-03-20,28,05:25:00,139.1,B26,B2,lower,28.0,-3.5999999999999943,-2.522775052557813
2022-03-21,29,04:00:00,146.5,B26,B2,lower,29.0,7.400000000000006,5.319913731128678
2022-03-22,30,05:00:00,154.1,B26,B2,lower,30.0,7.599999999999994,5.187713310580211
2022-03-23, 31 (harvest),,,B26,B2,lower,,,
2022-02-21,1,05:00:00,4.5,B27,B2,lower,1.0,,
2022-02-22,2,05:40:00,9.0,B27,B2,lower,2.0,4.5,100.0
2022-02-23,3,06:10:00,10.5,B27,B2,lower,3.0,1.5,16.666666666666675
2022-02-24,4,03:30:00,11.600000000000001,B27,B2,lower,4.0,1.1000000000000014,10.476190476190483
2022-02-25,5,05:00:00,13.200000000000003,B27,B2,lower,5.0,1.6000000000000014,13.793103448275868
2022-02-26,6,06:50:00,15.299999999999997,B27,B2,lower,6.0,2.0999999999999943,15.909090909090873
2022-02-27,7,07:40:00,17.299999999999997,B27,B2,lower,7.0,2.0,13.0718954248366
2022-02-28,8,07:40:00,19.700000000000003,B27,B2,lower,8.0,2.4000000000000057,13.872832369942234
2022-03-01,9,06:45:00,22.0,B27,B2,lower,9.0,2.299999999999997,11.675126903553279
2022-03-02,10,06:55:00,25.0,B27,B2,lower,10.0,3.0,13.636363636363647
2022-03-03,11,09:50:00,28.099999999999994,B27,B2,lower,11.0,3.0999999999999943,12.399999999999967
2022-03-04,12,08:20:00,31.099999999999994,B27,B2,lower,12.0,3.0,10.676156583629904
2022-03-05,13,07:30:00,34.8,B27,B2,lower,13.0,3.700000000000003,11.897106109324774
2022-03-06,14,06:00:00,39.2,B27,B2,lower,14.0,4.400000000000006,12.643678160919558
2022-03-07,15,06:00:00,43.7,B27,B2,lower,15.0,4.5,11.479591836734704
2022-03-08,16,07:30:00,48.8,B27,B2,lower,16.0,5.099999999999994,11.67048054919908
2022-03-09,17,09:00:00,54.599999999999994,B27,B2,lower,17.0,5.799999999999997,11.88524590163933
2022-03-10,18,02:45:00,59.400000000000006,B27,B2,lower,18.0,4.800000000000011,8.791208791208804
2022-03-11,19,07:50:00,64.6,B27,B2,lower,19.0,5.199999999999989,8.754208754208737
2022-03-12,20,07:30:00,69.6,B27,B2,lower,20.0,5.0,7.739938080495357
2022-03-13,21,06:50:00,74.9,B27,B2,lower,21.0,5.300000000000011,7.6149425287356465
2022-03-14,22,06:45:00,78.1,B27,B2,lower,22.0,3.1999999999999886,4.272363150867808
2022-03-15,23,06:00:00,83.1,B27,B2,lower,23.0,5.0,6.402048655569792
2022-03-16,24,05:08:00,86.3,B27,B2,lower,24.0,3.200000000000003,3.8507821901323736
2022-03-17,25,07:10:00,92.1,B27,B2,lower,25.0,5.799999999999997,6.720741599072988
2022-03-18,26,06:51:00,96.19999999999999,B27,B2,lower,26.0,4.099999999999994,4.45168295331162
2022-03-19,27,06:40:00,99.6,B27,B2,lower,27.0,3.4000000000000057,3.534303534303551
2022-03-20,28,05:25:00,98.4,B27,B2,lower,28.0,-1.1999999999999886,-1.2048192771084265
2022-03-21,29,04:00:00,104.30000000000001,B27,B2,lower,29.0,5.900000000000006,5.9959349593496025
2022-03-22,30,05:00:00,109.30000000000001,B27,B2,lower,30.0,5.0,4.793863854266545
2022-03-23, 31 (harvest),,,B27,B2,lower,,,
2022-02-21,1,05:00:00,3.8999999999999986,B32,B3,middle,1.0,,
2022-02-22,2,05:40:00,8.899999999999999,B32,B3,middle,2.0,5.0,128.20512820512823
2022-02-23,3,06:10:00,10.700000000000003,B32,B3,middle,3.0,1.8000000000000043,20.224719101123647
2022-02-24,4,03:30:00,10.899999999999999,B32,B3,middle,4.0,0.19999999999999574,1.8691588785046287
2022-02-25,5,05:00:00,14.200000000000003,B32,B3,middle,5.0,3.3000000000000043,30.275229357798207
2022-02-26,6,06:50:00,17.200000000000003,B32,B3,middle,6.0,3.0,21.126760563380277
2022-02-27,7,07:40:00,20.5,B32,B3,middle,7.0,3.299999999999997,19.186046511627897
2022-02-28,8,07:40:00,24.200000000000003,B32,B3,middle,8.0,3.700000000000003,18.048780487804894
2022-03-01,9,06:45:00,29.099999999999994,B32,B3,middle,9.0,4.8999999999999915,20.24793388429749
2022-03-02,10,06:55:00,33.7,B32,B3,middle,10.0,4.6000000000000085,15.807560137457077
2022-03-03,11,09:50:00,39.0,B32,B3,middle,11.0,5.299999999999997,15.727002967359049
2022-03-04,12,08:20:00,44.3,B32,B3,middle,12.0,5.299999999999997,13.589743589743586
2022-03-05,13,07:30:00,50.2,B32,B3,middle,13.0,5.900000000000006,13.318284424379257
2022-03-06,14,06:00:00,57.2,B32,B3,middle,14.0,7.0,13.94422310756973
2022-03-07,15,06:00:00,65.1,B32,B3,middle,15.0,7.8999999999999915,13.81118881118879
2022-03-08,16,07:30:00,75.6,B32,B3,middle,16.0,10.5,16.129032258064523
2022-03-09,17,09:00:00,85.5,B32,B3,middle,17.0,9.900000000000006,13.095238095238093
2022-03-10,18,02:45:00,93.30000000000001,B32,B3,middle,18.0,7.800000000000011,9.122807017543867
2022-03-11,19,07:50:00,102.6,B32,B3,middle,19.0,9.299999999999983,9.967845659163977
2022-03-12,20,07:30:00,109.1,B32,B3,middle,20.0,6.5,6.335282651072127
2022-03-13,21,06:50:00,119.1,B32,B3,middle,21.0,10.0,9.165902841429885
2022-03-14,22,06:45:00,124.6,B32,B3,middle,22.0,5.5,4.617968094038627
2022-03-15,23,06:00:00,131.4,B32,B3,middle,23.0,6.800000000000011,5.45746388443018
2022-03-16,24,05:08:00,138.9,B32,B3,middle,24.0,7.5,5.707762557077634
2022-03-17,25,07:10:00,145.6,B32,B3,middle,25.0,6.699999999999989,4.823614110871133
2022-03-18,26,06:51:00,151.8,B32,B3,middle,26.0,6.200000000000017,4.258241758241765
2022-03-19,27,06:40:00,156.8,B32,B3,middle,27.0,5.0,3.293807641633739
2022-03-20,28,05:25:00,152.8,B32,B3,middle,28.0,-4.0,-2.5510204081632626
2022-03-21,29,04:00:00,160.7,B32,B3,middle,29.0,7.899999999999977,5.170157068062808
2022-03-22,30,05:00:00,166.6,B32,B3,middle,30.0,5.900000000000006,3.6714374611076517
2022-03-23, 31 (harvest),,,B32,B3,middle,,,
2022-02-21,1,05:00:00,2.700000000000003,B33,B3,middle,1.0,,
2022-02-22,2,05:40:00,7.600000000000001,B33,B3,middle,2.0,4.899999999999999,181.4814814814812
2022-02-23,3,06:10:00,9.399999999999999,B33,B3,middle,3.0,1.7999999999999972,23.684210526315752
2022-02-24,4,03:30:00,9.700000000000003,B33,B3,middle,4.0,0.30000000000000426,3.191489361702171
2022-02-25,5,05:00:00,12.799999999999997,B33,B3,middle,5.0,3.0999999999999943,31.958762886597867
2022-02-26,6,06:50:00,15.899999999999999,B33,B3,middle,6.0,3.1000000000000014,24.21875000000002
2022-02-27,7,07:40:00,19.5,B33,B3,middle,7.0,3.6000000000000014,22.64150943396228
2022-02-28,8,07:40:00,23.799999999999997,B33,B3,middle,8.0,4.299999999999997,22.05128205128204
2022-03-01,9,06:45:00,29.299999999999997,B33,B3,middle,9.0,5.5,23.109243697479
2022-03-02,10,06:55:00,34.5,B33,B3,middle,10.0,5.200000000000003,17.74744027303756
2022-03-03,11,09:50:00,40.099999999999994,B33,B3,middle,11.0,5.599999999999994,16.231884057971
2022-03-04,12,08:20:00,45.599999999999994,B33,B3,middle,12.0,5.5,13.715710723192021
2022-03-05,13,07:30:00,52.599999999999994,B33,B3,middle,13.0,7.0,15.350877192982448
2022-03-06,14,06:00:00,59.400000000000006,B33,B3,middle,14.0,6.800000000000011,12.927756653992418
2022-03-07,15,06:00:00,67.3,B33,B3,middle,15.0,7.8999999999999915,13.299663299663278
2022-03-08,16,07:30:00,75.5,B33,B3,middle,16.0,8.200000000000003,12.184249628528976
2022-03-09,17,09:00:00,84.5,B33,B3,middle,17.0,9.0,11.920529801324498
2022-03-10,18,02:45:00,90.30000000000001,B33,B3,middle,18.0,5.800000000000011,6.863905325443809
2022-03-11,19,07:50:00,99.1,B33,B3,middle,19.0,8.799999999999983,9.745293466223682
2022-03-12,20,07:30:00,105.30000000000001,B33,B3,middle,20.0,6.200000000000017,6.256306760847652
2022-03-13,21,06:50:00,113.30000000000001,B33,B3,middle,21.0,8.0,7.597340930674257
2022-03-14,22,06:45:00,119.1,B33,B3,middle,22.0,5.799999999999983,5.1191526919682095
2022-03-15,23,06:00:00,125.0,B33,B3,middle,23.0,5.900000000000006,4.953820319059621
2022-03-16,24,05:08:00,129.6,B33,B3,middle,24.0,4.599999999999994,3.6799999999999944
2022-03-17,25,07:10:00,135.6,B33,B3,middle,25.0,6.0,4.629629629629628
2022-03-18,26,06:51:00,141.3,B33,B3,middle,26.0,5.700000000000017,4.203539823008873
2022-03-19,27,06:40:00,145.4,B33,B3,middle,27.0,4.099999999999994,2.9016277423920656
2022-03-20,28,05:25:00,139.1,B33,B3,middle,28.0,-6.300000000000011,-4.332874828060529
2022-03-21,29,04:00:00,144.7,B33,B3,middle,29.0,5.599999999999994,4.025880661394665
2022-03-22,30,05:00:00,148.1,B33,B3,middle,30.0,3.4000000000000057,2.349689011748457
2022-03-23, 31 (harvest),,,B33,B3,middle,,,
2022-02-21,1,05:00:00,5.799999999999997,B34,B3,middle,1.0,,
2022-02-22,2,05:40:00,10.200000000000003,B34,B3,middle,2.0,4.400000000000006,75.86206896551737
2022-02-23,3,06:10:00,11.899999999999999,B34,B3,middle,3.0,1.6999999999999957,16.66666666666663
2022-02-24,4,03:30:00,11.799999999999997,B34,B3,middle,4.0,-0.10000000000000142,-0.8403361344537896
2022-02-25,5,05:00:00,15.100000000000001,B34,B3,middle,5.0,3.3000000000000043,27.96610169491529
2022-02-26,6,06:50:00,17.9,B34,B3,middle,6.0,2.799999999999997,18.54304635761588
2022-02-27,7,07:40:00,21.700000000000003,B34,B3,middle,7.0,3.8000000000000043,21.22905027932964
2022-02-28,8,07:40:00,25.700000000000003,B34,B3,middle,8.0,4.0,18.433179723502292
2022-03-01,9,06:45:00,31.299999999999997,B34,B3,middle,9.0,5.599999999999994,21.789883268482455
2022-03-02,10,06:55:00,37.099999999999994,B34,B3,middle,10.0,5.799999999999997,18.53035143769968
2022-03-03,11,09:50:00,42.900000000000006,B34,B3,middle,11.0,5.800000000000011,15.63342318059302
2022-03-04,12,08:20:00,48.7,B34,B3,middle,12.0,5.799999999999997,13.519813519813507
2022-03-05,13,07:30:00,55.2,B34,B3,middle,13.0,6.5,13.347022587268986
2022-03-06,14,06:00:00,63.5,B34,B3,middle,14.0,8.299999999999997,15.03623188405796
2022-03-07,15,06:00:00,72.4,B34,B3,middle,15.0,8.900000000000006,14.015748031496077
2022-03-08,16,07:30:00,82.4,B34,B3,middle,16.0,10.0,13.812154696132595
2022-03-09,17,09:00:00,93.19999999999999,B34,B3,middle,17.0,10.799999999999983,13.106796116504826
2022-03-10,18,02:45:00,100.6,B34,B3,middle,18.0,7.400000000000006,7.939914163090145
2022-03-11,19,07:50:00,109.9,B34,B3,middle,19.0,9.300000000000011,9.244532803180917
2022-03-12,20,07:30:00,118.80000000000001,B34,B3,middle,20.0,8.900000000000006,8.098271155596004
2022-03-13,21,06:50:00,127.69999999999999,B34,B3,middle,21.0,8.899999999999977,7.4915824915824825
2022-03-14,22,06:45:00,135.9,B34,B3,middle,22.0,8.200000000000017,6.42129992169147
2022-03-15,23,06:00:00,141.0,B34,B3,middle,23.0,5.099999999999994,3.7527593818984517
2022-03-16,24,05:08:00,147.4,B34,B3,middle,24.0,6.400000000000006,4.539007092198588
2022-03-17,25,07:10:00,155.5,B34,B3,middle,25.0,8.099999999999994,5.49525101763908
2022-03-18,26,06:51:00,165.1,B34,B3,middle,26.0,9.599999999999994,6.17363344051447
2022-03-19,27,06:40:00,169.7,B34,B3,middle,27.0,4.599999999999994,2.786190187764981
2022-03-20,28,05:25:00,162.6,B34,B3,middle,28.0,-7.099999999999994,-4.183853859752507
2022-03-21,29,04:00:00,169.7,B34,B3,middle,29.0,7.099999999999994,4.366543665436651
2022-03-22,30,05:00:00,174.4,B34,B3,middle,30.0,4.700000000000017,2.7695934001178646
2022-03-23, 31 (harvest),,,B34,B3,middle,,,
2022-02-21,1,05:00:00,4.600000000000001,B35,B3,middle,1.0,,
2022-02-22,2,05:40:00,9.200000000000003,B35,B3,middle,2.0,4.600000000000001,100.0
2022-02-23,3,06:10:00,10.799999999999997,B35,B3,middle,3.0,1.5999999999999943,17.391304347826008
2022-02-24,4,03:30:00,11.299999999999997,B35,B3,middle,4.0,0.5,4.629629629629628
2022-02-25,5,05:00:00,14.5,B35,B3,middle,5.0,3.200000000000003,28.318584070796483
2022-02-26,6,06:50:00,17.799999999999997,B35,B3,middle,6.0,3.299999999999997,22.758620689655153
2022-02-27,7,07:40:00,21.9,B35,B3,middle,7.0,4.100000000000001,23.03370786516854
2022-02-28,8,07:40:00,26.5,B35,B3,middle,8.0,4.600000000000001,21.004566210045674
2022-03-01,9,06:45:00,32.0,B35,B3,middle,9.0,5.5,20.75471698113207
2022-03-02,10,06:55:00,38.599999999999994,B35,B3,middle,10.0,6.599999999999994,20.624999999999982
2022-03-03,11,09:50:00,44.3,B35,B3,middle,11.0,5.700000000000003,14.76683937823835
2022-03-04,12,08:20:00,50.099999999999994,B35,B3,middle,12.0,5.799999999999997,13.092550790067726
2022-03-05,13,07:30:00,56.8,B35,B3,middle,13.0,6.700000000000003,13.37325349301397
2022-03-06,14,06:00:00,66.3,B35,B3,middle,14.0,9.5,16.72535211267605
2022-03-07,15,06:00:00,76.5,B35,B3,middle,15.0,10.200000000000003,15.384615384615397
2022-03-08,16,07:30:00,87.5,B35,B3,middle,16.0,11.0,14.379084967320255
2022-03-09,17,09:00:00,98.1,B35,B3,middle,17.0,10.599999999999994,12.1142857142857
2022-03-10,18,02:45:00,105.9,B35,B3,middle,18.0,7.800000000000011,7.9510703363914415
2022-03-11,19,07:50:00,118.30000000000001,B35,B3,middle,19.0,12.400000000000006,11.709159584513706
2022-03-12,20,07:30:00,127.1,B35,B3,middle,20.0,8.799999999999983,7.438715131022811
2022-03-13,21,06:50:00,136.8,B35,B3,middle,21.0,9.700000000000017,7.631785995279317
2022-03-14,22,06:45:00,145.1,B35,B3,middle,22.0,8.299999999999983,6.067251461988299
2022-03-15,23,06:00:00,151.7,B35,B3,middle,23.0,6.599999999999994,4.548587181254304
2022-03-16,24,05:08:00,160.0,B35,B3,middle,24.0,8.300000000000011,5.4713249835201205
2022-03-17,25,07:10:00,168.5,B35,B3,middle,25.0,8.5,5.312500000000009
2022-03-18,26,06:51:00,177.9,B35,B3,middle,26.0,9.400000000000006,5.578635014836797
2022-03-19,27,06:40:00,182.8,B35,B3,middle,27.0,4.900000000000006,2.754356379988754
2022-03-20,28,05:25:00,174.4,B35,B3,middle,28.0,-8.400000000000006,-4.595185995623641
2022-03-21,29,04:00:00,182.6,B35,B3,middle,29.0,8.199999999999989,4.701834862385312
2022-03-22,30,05:00:00,186.3,B35,B3,middle,30.0,3.700000000000017,2.026286966046009
2022-03-23, 31 (harvest),,,B35,B3,middle,,,
2022-02-21,1,05:00:00,3.799999999999997,B36,B3,middle,1.0,,
2022-02-22,2,05:40:00,8.700000000000003,B36,B3,middle,2.0,4.900000000000006,128.9473684210529
2022-02-23,3,06:10:00,10.399999999999999,B36,B3,middle,3.0,1.6999999999999957,19.540229885057414
2022-02-24,4,03:30:00,10.899999999999999,B36,B3,middle,4.0,0.5,4.807692307692313
2022-02-25,5,05:00:00,13.799999999999997,B36,B3,middle,5.0,2.8999999999999986,26.60550458715596
2022-02-26,6,06:50:00,17.0,B36,B3,middle,6.0,3.200000000000003,23.188405797101485
2022-02-27,7,07:40:00,20.5,B36,B3,middle,7.0,3.5,20.58823529411764
2022-02-28,8,07:40:00,24.0,B36,B3,middle,8.0,3.5,17.07317073170731
2022-03-01,9,06:45:00,28.5,B36,B3,middle,9.0,4.5,18.75
2022-03-02,10,06:55:00,34.0,B36,B3,middle,10.0,5.5,19.298245614035082
2022-03-03,11,09:50:00,38.5,B36,B3,middle,11.0,4.5,13.235294117647056
2022-03-04,12,08:20:00,43.0,B36,B3,middle,12.0,4.5,11.688311688311682
2022-03-05,13,07:30:00,48.5,B36,B3,middle,13.0,5.5,12.790697674418606
2022-03-06,14,06:00:00,55.5,B36,B3,middle,14.0,7.0,14.432989690721643
2022-03-07,15,06:00:00,63.400000000000006,B36,B3,middle,15.0,7.900000000000006,14.234234234234243
2022-03-08,16,07:30:00,71.7,B36,B3,middle,16.0,8.299999999999997,13.091482649842256
2022-03-09,17,09:00:00,79.8,B36,B3,middle,17.0,8.099999999999994,11.297071129707103
2022-03-10,18,02:45:00,86.6,B36,B3,middle,18.0,6.799999999999997,8.521303258145352
2022-03-11,19,07:50:00,94.1,B36,B3,middle,19.0,7.5,8.660508083140872
2022-03-12,20,07:30:00,101.80000000000001,B36,B3,middle,20.0,7.700000000000017,8.182784272051036
2022-03-13,21,06:50:00,110.19999999999999,B36,B3,middle,21.0,8.399999999999977,8.251473477406645
2022-03-14,22,06:45:00,117.6,B36,B3,middle,22.0,7.400000000000006,6.715063520871145
2022-03-15,23,06:00:00,123.30000000000001,B36,B3,middle,23.0,5.700000000000017,4.846938775510212
2022-03-16,24,05:08:00,131.9,B36,B3,middle,24.0,8.599999999999994,6.97485806974858
2022-03-17,25,07:10:00,138.9,B36,B3,middle,25.0,7.0,5.307050796057622
2022-03-18,26,06:51:00,146.2,B36,B3,middle,26.0,7.299999999999983,5.255579553635692
2022-03-19,27,06:40:00,152.1,B36,B3,middle,27.0,5.900000000000006,4.035567715458277
2022-03-20,28,05:25:00,147.4,B36,B3,middle,28.0,-4.699999999999989,-3.0900723208415415
2022-03-21,29,04:00:00,154.3,B36,B3,middle,29.0,6.900000000000006,4.681139755766628
2022-03-22,30,05:00:00,160.2,B36,B3,middle,30.0,5.899999999999977,3.823720025923505
2022-03-23, 31 (harvest),,,B36,B3,middle,,,
2022-02-21,1,05:00:00,0.8999999999999986,B37,B3,middle,1.0,,
2022-02-22,2,05:40:00,5.600000000000001,B37,B3,middle,2.0,4.700000000000003,522.2222222222234
2022-02-23,3,06:10:00,7.100000000000001,B37,B3,middle,3.0,1.5,26.785714285714278
2022-02-24,4,03:30:00,8.100000000000001,B37,B3,middle,4.0,1.0,14.084507042253524
2022-02-25,5,05:00:00,9.899999999999999,B37,B3,middle,5.0,1.7999999999999972,22.222222222222186
2022-02-26,6,06:50:00,11.700000000000003,B37,B3,middle,6.0,1.8000000000000043,18.181818181818233
2022-02-27,7,07:40:00,13.799999999999997,B37,B3,middle,7.0,2.0999999999999943,17.948717948717885
2022-02-28,8,07:40:00,15.700000000000003,B37,B3,middle,8.0,1.9000000000000057,13.768115942029024
2022-03-01,9,06:45:00,18.799999999999997,B37,B3,middle,9.0,3.0999999999999943,19.745222929936258
2022-03-02,10,06:55:00,21.6,B37,B3,middle,10.0,2.8000000000000043,14.89361702127663
2022-03-03,11,09:50:00,24.900000000000006,B37,B3,middle,11.0,3.3000000000000043,15.27777777777779
2022-03-04,12,08:20:00,27.700000000000003,B37,B3,middle,12.0,2.799999999999997,11.244979919678698
2022-03-05,13,07:30:00,31.400000000000006,B37,B3,middle,13.0,3.700000000000003,13.357400722021673
2022-03-06,14,06:00:00,35.5,B37,B3,middle,14.0,4.099999999999994,13.057324840764316
2022-03-07,15,06:00:00,40.5,B37,B3,middle,15.0,5.0,14.084507042253524
2022-03-08,16,07:30:00,47.8,B37,B3,middle,16.0,7.299999999999997,18.02469135802469
2022-03-09,17,09:00:00,53.400000000000006,B37,B3,middle,17.0,5.6000000000000085,11.715481171548126
2022-03-10,18,02:45:00,57.8,B37,B3,middle,18.0,4.3999999999999915,8.239700374531811
2022-03-11,19,07:50:00,64.3,B37,B3,middle,19.0,6.5,11.245674740484436
2022-03-12,20,07:30:00,69.9,B37,B3,middle,20.0,5.6000000000000085,8.709175738724738
2022-03-13,21,06:50:00,76.4,B37,B3,middle,21.0,6.5,9.298998569384832
2022-03-14,22,06:45:00,81.2,B37,B3,middle,22.0,4.799999999999997,6.282722513089012
2022-03-15,23,06:00:00,84.1,B37,B3,middle,23.0,2.8999999999999915,3.5714285714285587
2022-03-16,24,05:08:00,90.9,B37,B3,middle,24.0,6.800000000000011,8.085612366230688
2022-03-17,25,07:10:00,96.6,B37,B3,middle,25.0,5.699999999999989,6.270627062706269
2022-03-18,26,06:51:00,101.6,B37,B3,middle,26.0,5.0,5.175983436852993
2022-03-19,27,06:40:00,106.19999999999999,B37,B3,middle,27.0,4.599999999999994,4.527559055118102
2022-03-20,28,05:25:00,101.9,B37,B3,middle,28.0,-4.299999999999983,-4.048964218455731
2022-03-21,29,04:00:00,106.19999999999999,B37,B3,middle,29.0,4.299999999999983,4.219823356231589
2022-03-22,30,05:00:00,110.4,B37,B3,middle,30.0,4.200000000000017,3.9548022598870247
2022-03-23, 31 (harvest),,,B37,B3,middle,,,
2022-02-21,1,05:00:00,3.3999999999999986,B42,B4,upper,1.0,,
2022-02-22,2,05:40:00,7.700000000000003,B42,B4,upper,2.0,4.300000000000004,126.47058823529429
2022-02-23,3,06:10:00,9.5,B42,B4,upper,3.0,1.7999999999999972,23.37662337662334
2022-02-24,4,03:30:00,10.100000000000001,B42,B4,upper,4.0,0.6000000000000014,6.31578947368423
2022-02-25,5,05:00:00,11.899999999999999,B42,B4,upper,5.0,1.7999999999999972,17.821782178217795
2022-02-26,6,06:50:00,13.899999999999999,B42,B4,upper,6.0,2.0,16.806722689075638
2022-02-27,7,07:40:00,16.4,B42,B4,upper,7.0,2.5,17.985611510791365
2022-02-28,8,07:40:00,19.200000000000003,B42,B4,upper,8.0,2.8000000000000043,17.073170731707354
2022-03-01,9,06:45:00,23.1,B42,B4,upper,9.0,3.8999999999999986,20.3125
2022-03-02,10,06:55:00,27.599999999999994,B42,B4,upper,10.0,4.499999999999993,19.480519480519455
2022-03-03,11,09:50:00,31.400000000000006,B42,B4,upper,11.0,3.8000000000000114,13.768115942029024
2022-03-04,12,08:20:00,35.900000000000006,B42,B4,upper,12.0,4.5,14.33121019108281
2022-03-05,13,07:30:00,40.8,B42,B4,upper,13.0,4.8999999999999915,13.649025069637855
2022-03-06,14,06:00:00,46.599999999999994,B42,B4,upper,14.0,5.799999999999997,14.215686274509798
2022-03-07,15,06:00:00,54.5,B42,B4,upper,15.0,7.900000000000006,16.952789699570836
2022-03-08,16,07:30:00,62.7,B42,B4,upper,16.0,8.200000000000003,15.045871559633039
2022-03-09,17,09:00:00,71.7,B42,B4,upper,17.0,9.0,14.354066985645941
2022-03-10,18,02:45:00,78.4,B42,B4,upper,18.0,6.700000000000003,9.344490934449091
2022-03-11,19,07:50:00,87.0,B42,B4,upper,19.0,8.599999999999994,10.969387755102034
2022-03-12,20,07:30:00,93.9,B42,B4,upper,20.0,6.900000000000006,7.931034482758625
2022-03-13,21,06:50:00,102.80000000000001,B42,B4,upper,21.0,8.900000000000006,9.478168264110764
2022-03-14,22,06:45:00,108.1,B42,B4,upper,22.0,5.299999999999983,5.155642023346285
2022-03-15,23,06:00:00,114.6,B42,B4,upper,23.0,6.5,6.012950971322839
2022-03-16,24,05:08:00,121.0,B42,B4,upper,24.0,6.400000000000006,5.584642233856907
2022-03-17,25,07:10:00,128.7,B42,B4,upper,25.0,7.699999999999989,6.363636363636349
2022-03-18,26,06:51:00,135.1,B42,B4,upper,26.0,6.400000000000006,4.972804972804967
2022-03-19,27,06:40:00,141.8,B42,B4,upper,27.0,6.700000000000017,4.959289415247969
2022-03-20,28,05:25:00,138.4,B42,B4,upper,28.0,-3.4000000000000057,-2.3977433004231385
2022-03-21,29,04:00:00,145.3,B42,B4,upper,29.0,6.900000000000006,4.985549132947975
2022-03-22,30,05:00:00,149.0,B42,B4,upper,30.0,3.6999999999999886,2.5464556090846413
2022-03-23, 31 (harvest),,,B42,B4,upper,,,
2022-02-21,1,05:00:00,3.0,B43,B4,upper,1.0,,
2022-02-22,2,05:40:00,7.200000000000003,B43,B4,upper,2.0,4.200000000000003,140.00000000000009
2022-02-23,3,06:10:00,8.799999999999997,B43,B4,upper,3.0,1.5999999999999943,22.222222222222143
2022-02-24,4,03:30:00,9.0,B43,B4,upper,4.0,0.20000000000000284,2.272727272727315
2022-02-25,5,05:00:00,11.5,B43,B4,upper,5.0,2.5,27.777777777777768
2022-02-26,6,06:50:00,15.0,B43,B4,upper,6.0,3.5,30.434782608695656
2022-02-27,7,07:40:00,18.0,B43,B4,upper,7.0,3.0,19.999999999999996
2022-02-28,8,07:40:00,21.799999999999997,B43,B4,upper,8.0,3.799999999999997,21.111111111111104
2022-03-01,9,06:45:00,26.599999999999994,B43,B4,upper,9.0,4.799999999999997,22.01834862385319
2022-03-02,10,06:55:00,32.8,B43,B4,upper,10.0,6.200000000000003,23.308270676691745
2022-03-03,11,09:50:00,37.7,B43,B4,upper,11.0,4.900000000000006,14.939024390243926
2022-03-04,12,08:20:00,42.900000000000006,B43,B4,upper,12.0,5.200000000000003,13.793103448275868
2022-03-05,13,07:30:00,49.0,B43,B4,upper,13.0,6.099999999999994,14.219114219114214
2022-03-06,14,06:00:00,55.400000000000006,B43,B4,upper,14.0,6.400000000000006,13.061224489795919
2022-03-07,15,06:00:00,64.7,B43,B4,upper,15.0,9.299999999999997,16.787003610108297
2022-03-08,16,07:30:00,73.7,B43,B4,upper,16.0,9.0,13.910355486862436
2022-03-09,17,09:00:00,84.4,B43,B4,upper,17.0,10.700000000000003,14.518317503392142
2022-03-10,18,02:45:00,90.4,B43,B4,upper,18.0,6.0,7.109004739336489
2022-03-11,19,07:50:00,101.69999999999999,B43,B4,upper,19.0,11.299999999999983,12.499999999999979
2022-03-12,20,07:30:00,108.80000000000001,B43,B4,upper,20.0,7.100000000000023,6.981317600786641
2022-03-13,21,06:50:00,118.80000000000001,B43,B4,upper,21.0,10.0,9.191176470588225
2022-03-14,22,06:45:00,124.4,B43,B4,upper,22.0,5.599999999999994,4.7138047138047146
2022-03-15,23,06:00:00,132.9,B43,B4,upper,23.0,8.5,6.832797427652726
2022-03-16,24,05:08:00,140.0,B43,B4,upper,24.0,7.099999999999994,5.342362678705781
2022-03-17,25,07:10:00,148.2,B43,B4,upper,25.0,8.199999999999989,5.85714285714285
2022-03-18,26,06:51:00,159.5,B43,B4,upper,26.0,11.300000000000011,7.624831309041835
2022-03-19,27,06:40:00,166.0,B43,B4,upper,27.0,6.5,4.0752351097178785
2022-03-20,28,05:25:00,162.1,B43,B4,upper,28.0,-3.9000000000000057,-2.349397590361446
2022-03-21,29,04:00:00,166.3,B43,B4,upper,29.0,4.200000000000017,2.5909932140653957
2022-03-22,30,05:00:00,170.2,B43,B4,upper,30.0,3.8999999999999773,2.3451593505712465
2022-03-23, 31 (harvest),,,B43,B4,upper,,,
2022-02-21,1,05:00:00,3.0,B44,B4,upper,1.0,,
2022-02-22,2,05:40:00,7.0,B44,B4,upper,2.0,4.0,133.33333333333334
2022-02-23,3,06:10:00,8.399999999999999,B44,B4,upper,3.0,1.3999999999999986,19.99999999999997
2022-02-24,4,03:30:00,8.899999999999999,B44,B4,upper,4.0,0.5,5.952380952380953
2022-02-25,5,05:00:00,11.899999999999999,B44,B4,upper,5.0,3.0,33.70786516853934
2022-02-26,6,06:50:00,14.799999999999997,B44,B4,upper,6.0,2.8999999999999986,24.369747899159645
2022-02-27,7,07:40:00,18.0,B44,B4,upper,7.0,3.200000000000003,21.621621621621646
2022-02-28,8,07:40:00,21.299999999999997,B44,B4,upper,8.0,3.299999999999997,18.333333333333314
2022-03-01,9,06:45:00,25.900000000000006,B44,B4,upper,9.0,4.6000000000000085,21.596244131455443
2022-03-02,10,06:55:00,31.299999999999997,B44,B4,upper,10.0,5.3999999999999915,20.84942084942081
2022-03-03,11,09:50:00,35.599999999999994,B44,B4,upper,11.0,4.299999999999997,13.738019169329064
2022-03-04,12,08:20:00,40.2,B44,B4,upper,12.0,4.6000000000000085,12.921348314606762
2022-03-05,13,07:30:00,45.0,B44,B4,upper,13.0,4.799999999999997,11.940298507462677
2022-03-06,14,06:00:00,52.5,B44,B4,upper,14.0,7.5,16.666666666666675
2022-03-07,15,06:00:00,60.8,B44,B4,upper,15.0,8.299999999999997,15.809523809523807
2022-03-08,16,07:30:00,69.7,B44,B4,upper,16.0,8.900000000000006,14.638157894736858
2022-03-09,17,09:00:00,79.3,B44,B4,upper,17.0,9.599999999999994,13.77331420373027
2022-03-10,18,02:45:00,86.3,B44,B4,upper,18.0,7.0,8.827238335435062
2022-03-11,19,07:50:00,95.6,B44,B4,upper,19.0,9.299999999999997,10.776361529548083
2022-03-12,20,07:30:00,106.5,B44,B4,upper,20.0,10.900000000000006,11.401673640167376
2022-03-13,21,06:50:00,114.1,B44,B4,upper,21.0,7.599999999999994,7.136150234741789
2022-03-14,22,06:45:00,122.80000000000001,B44,B4,upper,22.0,8.700000000000017,7.624890446976362
2022-03-15,23,06:00:00,128.6,B44,B4,upper,23.0,5.799999999999983,4.723127035830599
2022-03-16,24,05:08:00,135.5,B44,B4,upper,24.0,6.900000000000006,5.365474339035781
2022-03-17,25,07:10:00,144.6,B44,B4,upper,25.0,9.099999999999994,6.715867158671585
2022-03-18,26,06:51:00,153.2,B44,B4,upper,26.0,8.599999999999994,5.947441217150762
2022-03-19,27,06:40:00,159.5,B44,B4,upper,27.0,6.300000000000011,4.112271540469981
2022-03-20,28,05:25:00,154.7,B44,B4,upper,28.0,-4.800000000000011,-3.0094043887147426
2022-03-21,29,04:00:00,163.4,B44,B4,upper,29.0,8.700000000000017,5.623787976729155
2022-03-22,30,05:00:00,166.8,B44,B4,upper,30.0,3.4000000000000057,2.0807833537331843
2022-03-23, 31 (harvest),,,B44,B4,upper,,,
2022-02-21,1,05:00:00,1.8999999999999986,B45,B4,upper,1.0,,
2022-02-22,2,05:40:00,6.200000000000003,B45,B4,upper,2.0,4.300000000000004,226.31578947368462
2022-02-23,3,06:10:00,8.0,B45,B4,upper,3.0,1.7999999999999972,29.032258064516057
2022-02-24,4,03:30:00,9.299999999999997,B45,B4,upper,4.0,1.2999999999999972,16.249999999999964
2022-02-25,5,05:00:00,11.799999999999997,B45,B4,upper,5.0,2.5,26.881720430107524
2022-02-26,6,06:50:00,14.399999999999999,B45,B4,upper,6.0,2.6000000000000014,22.033898305084755
2022-02-27,7,07:40:00,17.4,B45,B4,upper,7.0,3.0,20.833333333333325
2022-02-28,8,07:40:00,20.299999999999997,B45,B4,upper,8.0,2.8999999999999986,16.66666666666665
2022-03-01,9,06:45:00,24.0,B45,B4,upper,9.0,3.700000000000003,18.226600985221687
2022-03-02,10,06:55:00,28.700000000000003,B45,B4,upper,10.0,4.700000000000003,19.583333333333353
2022-03-03,11,09:50:00,34.0,B45,B4,upper,11.0,5.299999999999997,18.466898954703815
2022-03-04,12,08:20:00,38.8,B45,B4,upper,12.0,4.799999999999997,14.117647058823524
2022-03-05,13,07:30:00,44.8,B45,B4,upper,13.0,6.0,15.463917525773208
2022-03-06,14,06:00:00,50.5,B45,B4,upper,14.0,5.700000000000003,12.723214285714302
2022-03-07,15,06:00:00,59.0,B45,B4,upper,15.0,8.5,16.831683168316825
2022-03-08,16,07:30:00,69.0,B45,B4,upper,16.0,10.0,16.94915254237288
2022-03-09,17,09:00:00,77.3,B45,B4,upper,17.0,8.299999999999997,12.028985507246382
2022-03-10,18,02:45:00,85.0,B45,B4,upper,18.0,7.700000000000003,9.961190168175937
2022-03-11,19,07:50:00,93.6,B45,B4,upper,19.0,8.599999999999994,10.11764705882352
2022-03-12,20,07:30:00,100.19999999999999,B45,B4,upper,20.0,6.599999999999994,7.051282051282048
2022-03-13,21,06:50:00,109.1,B45,B4,upper,21.0,8.900000000000006,8.882235528942118
2022-03-14,22,06:45:00,116.19999999999999,B45,B4,upper,22.0,7.099999999999994,6.50779101741521
2022-03-15,23,06:00:00,123.6,B45,B4,upper,23.0,7.400000000000006,6.36833046471601
2022-03-16,24,05:08:00,130.8,B45,B4,upper,24.0,7.200000000000017,5.825242718446622
2022-03-17,25,07:10:00,139.1,B45,B4,upper,25.0,8.299999999999983,6.34556574923546
2022-03-18,26,06:51:00,146.9,B45,B4,upper,26.0,7.800000000000011,5.607476635514019
2022-03-19,27,06:40:00,152.9,B45,B4,upper,27.0,6.0,4.084411164057178
2022-03-20,28,05:25:00,148.8,B45,B4,upper,28.0,-4.099999999999994,-2.6814911706998013
2022-03-21,29,04:00:00,156.3,B45,B4,upper,29.0,7.5,5.040322580645151
2022-03-22,30,05:00:00,161.5,B45,B4,upper,30.0,5.199999999999989,3.3269353806781865
2022-03-23, 31 (harvest),,,B45,B4,upper,,,
2022-02-21,1,05:00:00,2.799999999999997,B46,B4,upper,1.0,,
2022-02-22,2,05:40:00,7.200000000000003,B46,B4,upper,2.0,4.400000000000006,157.1428571428575
2022-02-23,3,06:10:00,9.100000000000001,B46,B4,upper,3.0,1.8999999999999986,26.38888888888886
2022-02-24,4,03:30:00,10.600000000000001,B46,B4,upper,4.0,1.5,16.483516483516492
2022-02-25,5,05:00:00,12.5,B46,B4,upper,5.0,1.8999999999999986,17.924528301886777
2022-02-26,6,06:50:00,15.5,B46,B4,upper,6.0,3.0,24.0
2022-02-27,7,07:40:00,18.299999999999997,B46,B4,upper,7.0,2.799999999999997,18.06451612903224
2022-02-28,8,07:40:00,21.200000000000003,B46,B4,upper,8.0,2.9000000000000057,15.846994535519165
2022-03-01,9,06:45:00,24.599999999999994,B46,B4,upper,9.0,3.3999999999999915,16.037735849056567
2022-03-02,10,06:55:00,28.799999999999997,B46,B4,upper,10.0,4.200000000000003,17.073170731707332
2022-03-03,11,09:50:00,33.7,B46,B4,upper,11.0,4.900000000000006,17.013888888888907
2022-03-04,12,08:20:00,37.7,B46,B4,upper,12.0,4.0,11.869436201780402
2022-03-05,13,07:30:00,42.900000000000006,B46,B4,upper,13.0,5.200000000000003,13.793103448275868
2022-03-06,14,06:00:00,49.400000000000006,B46,B4,upper,14.0,6.5,15.15151515151516
2022-03-07,15,06:00:00,56.8,B46,B4,upper,15.0,7.3999999999999915,14.979757085020218
2022-03-08,16,07:30:00,65.6,B46,B4,upper,16.0,8.799999999999997,15.492957746478876
2022-03-09,17,09:00:00,74.5,B46,B4,upper,17.0,8.900000000000006,13.567073170731714
2022-03-10,18,02:45:00,80.7,B46,B4,upper,18.0,6.200000000000003,8.322147651006716
2022-03-11,19,07:50:00,88.4,B46,B4,upper,19.0,7.700000000000003,9.541511771995047
2022-03-12,20,07:30:00,97.0,B46,B4,upper,20.0,8.599999999999994,9.728506787330303
2022-03-13,21,06:50:00,104.1,B46,B4,upper,21.0,7.099999999999994,7.319587628865976
2022-03-14,22,06:45:00,110.69999999999999,B46,B4,upper,22.0,6.599999999999994,6.340057636887608
2022-03-15,23,06:00:00,116.1,B46,B4,upper,23.0,5.400000000000006,4.878048780487809
2022-03-16,24,05:08:00,121.69999999999999,B46,B4,upper,24.0,5.599999999999994,4.823428079242031
2022-03-17,25,07:10:00,128.8,B46,B4,upper,25.0,7.100000000000023,5.834018077239134
2022-03-18,26,06:51:00,134.7,B46,B4,upper,26.0,5.899999999999977,4.580745341614878
2022-03-19,27,06:40:00,138.5,B46,B4,upper,27.0,3.8000000000000114,2.821083890126208
2022-03-20,28,05:25:00,133.8,B46,B4,upper,28.0,-4.699999999999989,-3.3935018050541443
2022-03-21,29,04:00:00,139.6,B46,B4,upper,29.0,5.799999999999983,4.334828101644228
2022-03-22,30,05:00:00,144.3,B46,B4,upper,30.0,4.700000000000017,3.3667621776504397
2022-03-23, 31 (harvest),,,B46,B4,upper,,,
2022-02-21,1,05:00:00,4.100000000000001,B47,B4,upper,1.0,,
2022-02-22,2,05:40:00,8.299999999999997,B47,B4,upper,2.0,4.199999999999996,102.43902439024377
2022-02-23,3,06:10:00,9.799999999999997,B47,B4,upper,3.0,1.5,18.07228915662651
2022-02-24,4,03:30:00,11.0,B47,B4,upper,4.0,1.2000000000000028,12.24489795918371
2022-02-25,5,05:00:00,12.5,B47,B4,upper,5.0,1.5,13.636363636363647
2022-02-26,6,06:50:00,14.600000000000001,B47,B4,upper,6.0,2.1000000000000014,16.800000000000015
2022-02-27,7,07:40:00,16.6,B47,B4,upper,7.0,2.0,13.698630136986289
2022-02-28,8,07:40:00,18.799999999999997,B47,B4,upper,8.0,2.1999999999999957,13.253012048192737
2022-03-01,9,06:45:00,21.799999999999997,B47,B4,upper,9.0,3.0,15.957446808510634
2022-03-02,10,06:55:00,25.0,B47,B4,upper,10.0,3.200000000000003,14.67889908256883
2022-03-03,11,09:50:00,28.599999999999994,B47,B4,upper,11.0,3.5999999999999943,14.399999999999968
2022-03-04,12,08:20:00,32.5,B47,B4,upper,12.0,3.9000000000000057,13.636363636363669
2022-03-05,13,07:30:00,35.5,B47,B4,upper,13.0,3.0,9.23076923076922
2022-03-06,14,06:00:00,40.2,B47,B4,upper,14.0,4.700000000000003,13.239436619718315
2022-03-07,15,06:00:00,45.599999999999994,B47,B4,upper,15.0,5.3999999999999915,13.432835820895495
2022-03-08,16,07:30:00,52.3,B47,B4,upper,16.0,6.700000000000003,14.692982456140369
2022-03-09,17,09:00:00,58.8,B47,B4,upper,17.0,6.5,12.4282982791587
2022-03-10,18,02:45:00,64.6,B47,B4,upper,18.0,5.799999999999997,9.863945578231291
2022-03-11,19,07:50:00,71.3,B47,B4,upper,19.0,6.700000000000003,10.371517027863785
2022-03-12,20,07:30:00,77.4,B47,B4,upper,20.0,6.1000000000000085,8.555399719495105
2022-03-13,21,06:50:00,85.2,B47,B4,upper,21.0,7.799999999999997,10.077519379844958
2022-03-14,22,06:45:00,90.5,B47,B4,upper,22.0,5.299999999999997,6.220657276995301
2022-03-15,23,06:00:00,96.0,B47,B4,upper,23.0,5.5,6.077348066298338
2022-03-16,24,05:08:00,101.30000000000001,B47,B4,upper,24.0,5.300000000000011,5.520833333333353
2022-03-17,25,07:10:00,108.6,B47,B4,upper,25.0,7.299999999999983,7.206317867719636
2022-03-18,26,06:51:00,115.80000000000001,B47,B4,upper,26.0,7.200000000000017,6.629834254143652
2022-03-19,27,06:40:00,118.5,B47,B4,upper,27.0,2.6999999999999886,2.3316062176165664
2022-03-20,28,05:25:00,116.0,B47,B4,upper,28.0,-2.5,-2.1097046413502074
2022-03-21,29,04:00:00,123.4,B47,B4,upper,29.0,7.400000000000006,6.379310344827593
2022-03-22,30,05:00:00,125.5,B47,B4,upper,30.0,2.0999999999999943,1.7017828200972307
2022-03-23, 31 (harvest),,,B47,B4,upper,,,
